Geography,Date,Type,Percent Change from Baseline,ID Geography
California,2/15/20,Retail and Recreation,1,04000US06
California,2/16/20,Retail and Recreation,5,04000US06
California,2/17/20,Retail and Recreation,9,04000US06
California,2/18/20,Retail and Recreation,0,04000US06
California,2/19/20,Retail and Recreation,0,04000US06
California,2/20/20,Retail and Recreation,2,04000US06
California,2/21/20,Retail and Recreation,1,04000US06
California,2/22/20,Retail and Recreation,0,04000US06
California,2/23/20,Retail and Recreation,4,04000US06
California,2/24/20,Retail and Recreation,2,04000US06
California,2/25/20,Retail and Recreation,3,04000US06
California,2/26/20,Retail and Recreation,5,04000US06
California,2/27/20,Retail and Recreation,5,04000US06
California,2/28/20,Retail and Recreation,4,04000US06
California,2/29/20,Retail and Recreation,4,04000US06
California,3/1/20,Retail and Recreation,5,04000US06
California,3/2/20,Retail and Recreation,6,04000US06
California,3/3/20,Retail and Recreation,8,04000US06
California,3/4/20,Retail and Recreation,4,04000US06
California,3/5/20,Retail and Recreation,5,04000US06
California,3/6/20,Retail and Recreation,2,04000US06
California,3/7/20,Retail and Recreation,0,04000US06
California,3/8/20,Retail and Recreation,2,04000US06
California,3/9/20,Retail and Recreation,3,04000US06
California,3/10/20,Retail and Recreation,-1,04000US06
California,3/11/20,Retail and Recreation,3,04000US06
California,3/12/20,Retail and Recreation,-3,04000US06
California,3/13/20,Retail and Recreation,-3,04000US06
California,3/14/20,Retail and Recreation,-13,04000US06
California,3/15/20,Retail and Recreation,-16,04000US06
California,3/16/20,Retail and Recreation,-12,04000US06
California,3/17/20,Retail and Recreation,-23,04000US06
California,3/18/20,Retail and Recreation,-29,04000US06
California,3/19/20,Retail and Recreation,-32,04000US06
California,3/20/20,Retail and Recreation,-40,04000US06
California,3/21/20,Retail and Recreation,-48,04000US06
California,3/22/20,Retail and Recreation,-50,04000US06
California,3/23/20,Retail and Recreation,-41,04000US06
California,3/24/20,Retail and Recreation,-42,04000US06
California,3/25/20,Retail and Recreation,-42,04000US06
California,3/26/20,Retail and Recreation,-42,04000US06
California,3/27/20,Retail and Recreation,-44,04000US06
California,3/28/20,Retail and Recreation,-50,04000US06
California,3/29/20,Retail and Recreation,-50,04000US06
California,3/30/20,Retail and Recreation,-40,04000US06
California,3/31/20,Retail and Recreation,-40,04000US06
California,4/1/20,Retail and Recreation,-39,04000US06
California,4/2/20,Retail and Recreation,-41,04000US06
California,4/3/20,Retail and Recreation,-42,04000US06
California,4/4/20,Retail and Recreation,-50,04000US06
California,4/5/20,Retail and Recreation,-53,04000US06
California,4/6/20,Retail and Recreation,-46,04000US06
California,4/7/20,Retail and Recreation,-47,04000US06
California,4/8/20,Retail and Recreation,-47,04000US06
California,4/9/20,Retail and Recreation,-49,04000US06
California,4/10/20,Retail and Recreation,-47,04000US06
California,4/11/20,Retail and Recreation,-48,04000US06
California,4/12/20,Retail and Recreation,-62,04000US06
California,4/13/20,Retail and Recreation,-45,04000US06
California,4/14/20,Retail and Recreation,-43,04000US06
California,4/15/20,Retail and Recreation,-45,04000US06
California,4/16/20,Retail and Recreation,-54,04000US06
California,4/17/20,Retail and Recreation,-56,04000US06
California,4/18/20,Retail and Recreation,-59,04000US06
California,4/19/20,Retail and Recreation,-59,04000US06
California,4/20/20,Retail and Recreation,-54,04000US06
California,4/21/20,Retail and Recreation,-53,04000US06
California,4/22/20,Retail and Recreation,-53,04000US06
California,4/23/20,Retail and Recreation,-53,04000US06
California,4/24/20,Retail and Recreation,-54,04000US06
California,4/25/20,Retail and Recreation,-56,04000US06
California,4/26/20,Retail and Recreation,-56,04000US06
California,4/27/20,Retail and Recreation,-51,04000US06
California,4/28/20,Retail and Recreation,-51,04000US06
California,4/29/20,Retail and Recreation,-49,04000US06
California,4/30/20,Retail and Recreation,-47,04000US06
California,5/1/20,Retail and Recreation,-47,04000US06
California,5/2/20,Retail and Recreation,-50,04000US06
California,5/3/20,Retail and Recreation,-50,04000US06
California,5/4/20,Retail and Recreation,-44,04000US06
California,5/5/20,Retail and Recreation,-44,04000US06
California,5/6/20,Retail and Recreation,-46,04000US06
California,5/7/20,Retail and Recreation,-46,04000US06
California,5/8/20,Retail and Recreation,-46,04000US06
California,5/9/20,Retail and Recreation,-46,04000US06
California,5/10/20,Retail and Recreation,-47,04000US06
California,5/11/20,Retail and Recreation,-45,04000US06
California,5/12/20,Retail and Recreation,-45,04000US06
California,5/13/20,Retail and Recreation,-44,04000US06
California,5/14/20,Retail and Recreation,-45,04000US06
California,5/15/20,Retail and Recreation,-45,04000US06
California,5/16/20,Retail and Recreation,-47,04000US06
California,5/17/20,Retail and Recreation,-47,04000US06
California,5/18/20,Retail and Recreation,-43,04000US06
California,5/19/20,Retail and Recreation,-42,04000US06
California,5/20/20,Retail and Recreation,-41,04000US06
California,5/21/20,Retail and Recreation,-40,04000US06
California,5/22/20,Retail and Recreation,-41,04000US06
California,5/23/20,Retail and Recreation,-44,04000US06
California,5/24/20,Retail and Recreation,-43,04000US06
California,5/25/20,Retail and Recreation,-43,04000US06
California,5/26/20,Retail and Recreation,-40,04000US06
California,5/27/20,Retail and Recreation,-39,04000US06
California,5/28/20,Retail and Recreation,-39,04000US06
California,5/29/20,Retail and Recreation,-40,04000US06
California,5/30/20,Retail and Recreation,-42,04000US06
California,5/31/20,Retail and Recreation,-43,04000US06
California,6/1/20,Retail and Recreation,-41,04000US06
California,6/2/20,Retail and Recreation,-39,04000US06
California,6/3/20,Retail and Recreation,-36,04000US06
California,6/4/20,Retail and Recreation,-35,04000US06
California,6/5/20,Retail and Recreation,-36,04000US06
California,6/6/20,Retail and Recreation,-37,04000US06
California,6/7/20,Retail and Recreation,-35,04000US06
California,6/8/20,Retail and Recreation,-32,04000US06
California,6/9/20,Retail and Recreation,-32,04000US06
California,6/10/20,Retail and Recreation,-31,04000US06
California,6/11/20,Retail and Recreation,-31,04000US06
California,6/12/20,Retail and Recreation,-32,04000US06
California,6/13/20,Retail and Recreation,-34,04000US06
California,6/14/20,Retail and Recreation,-32,04000US06
California,6/15/20,Retail and Recreation,-29,04000US06
California,6/16/20,Retail and Recreation,-29,04000US06
California,6/17/20,Retail and Recreation,-29,04000US06
California,6/18/20,Retail and Recreation,-28,04000US06
California,6/19/20,Retail and Recreation,-30,04000US06
California,6/20/20,Retail and Recreation,-31,04000US06
California,6/21/20,Retail and Recreation,-32,04000US06
California,6/22/20,Retail and Recreation,-29,04000US06
California,6/23/20,Retail and Recreation,-29,04000US06
California,6/24/20,Retail and Recreation,-29,04000US06
California,6/25/20,Retail and Recreation,-29,04000US06
California,6/26/20,Retail and Recreation,-31,04000US06
California,6/27/20,Retail and Recreation,-33,04000US06
California,6/28/20,Retail and Recreation,-31,04000US06
California,6/29/20,Retail and Recreation,-26,04000US06
California,6/30/20,Retail and Recreation,-25,04000US06
California,7/1/20,Retail and Recreation,-24,04000US06
California,7/2/20,Retail and Recreation,-22,04000US06
California,7/3/20,Retail and Recreation,-25,04000US06
California,7/4/20,Retail and Recreation,-48,04000US06
California,7/5/20,Retail and Recreation,-36,04000US06
California,7/6/20,Retail and Recreation,-26,04000US06
California,7/7/20,Retail and Recreation,-27,04000US06
California,7/8/20,Retail and Recreation,-28,04000US06
California,7/9/20,Retail and Recreation,-28,04000US06
California,7/10/20,Retail and Recreation,-31,04000US06
California,7/11/20,Retail and Recreation,-33,04000US06
California,7/12/20,Retail and Recreation,-32,04000US06
California,7/13/20,Retail and Recreation,-27,04000US06
California,7/14/20,Retail and Recreation,-28,04000US06
California,7/15/20,Retail and Recreation,-29,04000US06
California,7/16/20,Retail and Recreation,-30,04000US06
California,7/17/20,Retail and Recreation,-31,04000US06
California,7/18/20,Retail and Recreation,-34,04000US06
California,7/19/20,Retail and Recreation,-32,04000US06
California,7/20/20,Retail and Recreation,-28,04000US06
California,7/21/20,Retail and Recreation,-29,04000US06
California,7/22/20,Retail and Recreation,-29,04000US06
California,7/23/20,Retail and Recreation,-29,04000US06
California,7/24/20,Retail and Recreation,-31,04000US06
California,7/25/20,Retail and Recreation,-33,04000US06
California,7/26/20,Retail and Recreation,-31,04000US06
California,7/27/20,Retail and Recreation,-28,04000US06
California,7/28/20,Retail and Recreation,-29,04000US06
California,7/29/20,Retail and Recreation,-29,04000US06
California,7/30/20,Retail and Recreation,-29,04000US06
California,7/31/20,Retail and Recreation,-30,04000US06
California,8/1/20,Retail and Recreation,-32,04000US06
California,8/2/20,Retail and Recreation,-30,04000US06
California,8/3/20,Retail and Recreation,-26,04000US06
California,8/4/20,Retail and Recreation,-27,04000US06
California,8/5/20,Retail and Recreation,-27,04000US06
California,8/6/20,Retail and Recreation,-27,04000US06
California,8/7/20,Retail and Recreation,-29,04000US06
California,2/15/20,Grocery and Pharmacy,1,04000US06
California,2/16/20,Grocery and Pharmacy,0,04000US06
California,2/17/20,Grocery and Pharmacy,1,04000US06
California,2/18/20,Grocery and Pharmacy,0,04000US06
California,2/19/20,Grocery and Pharmacy,0,04000US06
California,2/20/20,Grocery and Pharmacy,1,04000US06
California,2/21/20,Grocery and Pharmacy,0,04000US06
California,2/22/20,Grocery and Pharmacy,0,04000US06
California,2/23/20,Grocery and Pharmacy,1,04000US06
California,2/24/20,Grocery and Pharmacy,0,04000US06
California,2/25/20,Grocery and Pharmacy,1,04000US06
California,2/26/20,Grocery and Pharmacy,3,04000US06
California,2/27/20,Grocery and Pharmacy,3,04000US06
California,2/28/20,Grocery and Pharmacy,4,04000US06
California,2/29/20,Grocery and Pharmacy,4,04000US06
California,3/1/20,Grocery and Pharmacy,3,04000US06
California,3/2/20,Grocery and Pharmacy,6,04000US06
California,3/3/20,Grocery and Pharmacy,9,04000US06
California,3/4/20,Grocery and Pharmacy,6,04000US06
California,3/5/20,Grocery and Pharmacy,7,04000US06
California,3/6/20,Grocery and Pharmacy,5,04000US06
California,3/7/20,Grocery and Pharmacy,4,04000US06
California,3/8/20,Grocery and Pharmacy,3,04000US06
California,3/9/20,Grocery and Pharmacy,6,04000US06
California,3/10/20,Grocery and Pharmacy,4,04000US06
California,3/11/20,Grocery and Pharmacy,9,04000US06
California,3/12/20,Grocery and Pharmacy,13,04000US06
California,3/13/20,Grocery and Pharmacy,31,04000US06
California,3/14/20,Grocery and Pharmacy,23,04000US06
California,3/15/20,Grocery and Pharmacy,11,04000US06
California,3/16/20,Grocery and Pharmacy,21,04000US06
California,3/17/20,Grocery and Pharmacy,11,04000US06
California,3/18/20,Grocery and Pharmacy,4,04000US06
California,3/19/20,Grocery and Pharmacy,3,04000US06
California,3/20/20,Grocery and Pharmacy,-3,04000US06
California,3/21/20,Grocery and Pharmacy,-13,04000US06
California,3/22/20,Grocery and Pharmacy,-22,04000US06
California,3/23/20,Grocery and Pharmacy,-18,04000US06
California,3/24/20,Grocery and Pharmacy,-18,04000US06
California,3/25/20,Grocery and Pharmacy,-19,04000US06
California,3/26/20,Grocery and Pharmacy,-18,04000US06
California,3/27/20,Grocery and Pharmacy,-17,04000US06
California,3/28/20,Grocery and Pharmacy,-20,04000US06
California,3/29/20,Grocery and Pharmacy,-24,04000US06
California,3/30/20,Grocery and Pharmacy,-20,04000US06
California,3/31/20,Grocery and Pharmacy,-18,04000US06
California,4/1/20,Grocery and Pharmacy,-14,04000US06
California,4/2/20,Grocery and Pharmacy,-15,04000US06
California,4/3/20,Grocery and Pharmacy,-12,04000US06
California,4/4/20,Grocery and Pharmacy,-18,04000US06
California,4/5/20,Grocery and Pharmacy,-27,04000US06
California,4/6/20,Grocery and Pharmacy,-23,04000US06
California,4/7/20,Grocery and Pharmacy,-23,04000US06
California,4/8/20,Grocery and Pharmacy,-22,04000US06
California,4/9/20,Grocery and Pharmacy,-24,04000US06
California,4/10/20,Grocery and Pharmacy,-19,04000US06
California,4/11/20,Grocery and Pharmacy,-14,04000US06
California,4/12/20,Grocery and Pharmacy,-34,04000US06
California,4/13/20,Grocery and Pharmacy,-25,04000US06
California,4/14/20,Grocery and Pharmacy,-21,04000US06
California,4/15/20,Grocery and Pharmacy,-17,04000US06
California,4/16/20,Grocery and Pharmacy,-16,04000US06
California,4/17/20,Grocery and Pharmacy,-17,04000US06
California,4/18/20,Grocery and Pharmacy,-18,04000US06
California,4/19/20,Grocery and Pharmacy,-21,04000US06
California,4/20/20,Grocery and Pharmacy,-19,04000US06
California,4/21/20,Grocery and Pharmacy,-17,04000US06
California,4/22/20,Grocery and Pharmacy,-16,04000US06
California,4/23/20,Grocery and Pharmacy,-15,04000US06
California,4/24/20,Grocery and Pharmacy,-14,04000US06
California,4/25/20,Grocery and Pharmacy,-13,04000US06
California,4/26/20,Grocery and Pharmacy,-17,04000US06
California,4/27/20,Grocery and Pharmacy,-15,04000US06
California,4/28/20,Grocery and Pharmacy,-14,04000US06
California,4/29/20,Grocery and Pharmacy,-15,04000US06
California,4/30/20,Grocery and Pharmacy,-12,04000US06
California,5/1/20,Grocery and Pharmacy,-9,04000US06
California,5/2/20,Grocery and Pharmacy,-8,04000US06
California,5/3/20,Grocery and Pharmacy,-12,04000US06
California,5/4/20,Grocery and Pharmacy,-10,04000US06
California,5/5/20,Grocery and Pharmacy,-6,04000US06
California,5/6/20,Grocery and Pharmacy,-10,04000US06
California,5/7/20,Grocery and Pharmacy,-8,04000US06
California,5/8/20,Grocery and Pharmacy,-5,04000US06
California,5/9/20,Grocery and Pharmacy,4,04000US06
California,5/10/20,Grocery and Pharmacy,0,04000US06
California,5/11/20,Grocery and Pharmacy,-14,04000US06
California,5/12/20,Grocery and Pharmacy,-10,04000US06
California,5/13/20,Grocery and Pharmacy,-10,04000US06
California,5/14/20,Grocery and Pharmacy,-10,04000US06
California,5/15/20,Grocery and Pharmacy,-9,04000US06
California,5/16/20,Grocery and Pharmacy,-7,04000US06
California,5/17/20,Grocery and Pharmacy,-13,04000US06
California,5/18/20,Grocery and Pharmacy,-13,04000US06
California,5/19/20,Grocery and Pharmacy,-9,04000US06
California,5/20/20,Grocery and Pharmacy,-7,04000US06
California,5/21/20,Grocery and Pharmacy,-6,04000US06
California,5/22/20,Grocery and Pharmacy,-4,04000US06
California,5/23/20,Grocery and Pharmacy,-3,04000US06
California,5/24/20,Grocery and Pharmacy,-6,04000US06
California,5/25/20,Grocery and Pharmacy,-8,04000US06
California,5/26/20,Grocery and Pharmacy,-8,04000US06
California,5/27/20,Grocery and Pharmacy,-8,04000US06
California,5/28/20,Grocery and Pharmacy,-7,04000US06
California,5/29/20,Grocery and Pharmacy,-8,04000US06
California,5/30/20,Grocery and Pharmacy,-7,04000US06
California,5/31/20,Grocery and Pharmacy,-13,04000US06
California,6/1/20,Grocery and Pharmacy,-12,04000US06
California,6/2/20,Grocery and Pharmacy,-6,04000US06
California,6/3/20,Grocery and Pharmacy,-3,04000US06
California,6/4/20,Grocery and Pharmacy,-3,04000US06
California,6/5/20,Grocery and Pharmacy,-5,04000US06
California,6/6/20,Grocery and Pharmacy,-4,04000US06
California,6/7/20,Grocery and Pharmacy,-7,04000US06
California,6/8/20,Grocery and Pharmacy,-7,04000US06
California,6/9/20,Grocery and Pharmacy,-4,04000US06
California,6/10/20,Grocery and Pharmacy,-5,04000US06
California,6/11/20,Grocery and Pharmacy,-5,04000US06
California,6/12/20,Grocery and Pharmacy,-6,04000US06
California,6/13/20,Grocery and Pharmacy,-4,04000US06
California,6/14/20,Grocery and Pharmacy,-8,04000US06
California,6/15/20,Grocery and Pharmacy,-8,04000US06
California,6/16/20,Grocery and Pharmacy,-5,04000US06
California,6/17/20,Grocery and Pharmacy,-6,04000US06
California,6/18/20,Grocery and Pharmacy,-5,04000US06
California,6/19/20,Grocery and Pharmacy,-4,04000US06
California,6/20/20,Grocery and Pharmacy,1,04000US06
California,6/21/20,Grocery and Pharmacy,-4,04000US06
California,6/22/20,Grocery and Pharmacy,-11,04000US06
California,6/23/20,Grocery and Pharmacy,-7,04000US06
California,6/24/20,Grocery and Pharmacy,-8,04000US06
California,6/25/20,Grocery and Pharmacy,-7,04000US06
California,6/26/20,Grocery and Pharmacy,-7,04000US06
California,6/27/20,Grocery and Pharmacy,-6,04000US06
California,6/28/20,Grocery and Pharmacy,-11,04000US06
California,6/29/20,Grocery and Pharmacy,-9,04000US06
California,6/30/20,Grocery and Pharmacy,-7,04000US06
California,7/1/20,Grocery and Pharmacy,-4,04000US06
California,7/2/20,Grocery and Pharmacy,2,04000US06
California,7/3/20,Grocery and Pharmacy,8,04000US06
California,7/4/20,Grocery and Pharmacy,-5,04000US06
California,7/5/20,Grocery and Pharmacy,-17,04000US06
California,7/6/20,Grocery and Pharmacy,-7,04000US06
California,7/7/20,Grocery and Pharmacy,-5,04000US06
California,7/8/20,Grocery and Pharmacy,-6,04000US06
California,7/9/20,Grocery and Pharmacy,-5,04000US06
California,7/10/20,Grocery and Pharmacy,-6,04000US06
California,7/11/20,Grocery and Pharmacy,-5,04000US06
California,7/12/20,Grocery and Pharmacy,-9,04000US06
California,7/13/20,Grocery and Pharmacy,-8,04000US06
California,7/14/20,Grocery and Pharmacy,-6,04000US06
California,7/15/20,Grocery and Pharmacy,-7,04000US06
California,7/16/20,Grocery and Pharmacy,-7,04000US06
California,7/17/20,Grocery and Pharmacy,-7,04000US06
California,7/18/20,Grocery and Pharmacy,-6,04000US06
California,7/19/20,Grocery and Pharmacy,-10,04000US06
California,7/20/20,Grocery and Pharmacy,-10,04000US06
California,7/21/20,Grocery and Pharmacy,-8,04000US06
California,7/22/20,Grocery and Pharmacy,-9,04000US06
California,7/23/20,Grocery and Pharmacy,-8,04000US06
California,7/24/20,Grocery and Pharmacy,-8,04000US06
California,7/25/20,Grocery and Pharmacy,-6,04000US06
California,7/26/20,Grocery and Pharmacy,-10,04000US06
California,7/27/20,Grocery and Pharmacy,-10,04000US06
California,7/28/20,Grocery and Pharmacy,-9,04000US06
California,7/29/20,Grocery and Pharmacy,-9,04000US06
California,7/30/20,Grocery and Pharmacy,-8,04000US06
California,7/31/20,Grocery and Pharmacy,-7,04000US06
California,8/1/20,Grocery and Pharmacy,-4,04000US06
California,8/2/20,Grocery and Pharmacy,-9,04000US06
California,8/3/20,Grocery and Pharmacy,-7,04000US06
California,8/4/20,Grocery and Pharmacy,-6,04000US06
California,8/5/20,Grocery and Pharmacy,-8,04000US06
California,8/6/20,Grocery and Pharmacy,-7,04000US06
California,8/7/20,Grocery and Pharmacy,-7,04000US06
California,2/15/20,Parks,19,04000US06
California,2/16/20,Parks,31,04000US06
California,2/17/20,Parks,44,04000US06
California,2/18/20,Parks,16,04000US06
California,2/19/20,Parks,13,04000US06
California,2/20/20,Parks,12,04000US06
California,2/21/20,Parks,8,04000US06
California,2/22/20,Parks,-3,04000US06
California,2/23/20,Parks,16,04000US06
California,2/24/20,Parks,12,04000US06
California,2/25/20,Parks,20,04000US06
California,2/26/20,Parks,16,04000US06
California,2/27/20,Parks,14,04000US06
California,2/28/20,Parks,10,04000US06
California,2/29/20,Parks,15,04000US06
California,3/1/20,Parks,-4,04000US06
California,3/2/20,Parks,8,04000US06
California,3/3/20,Parks,30,04000US06
California,3/4/20,Parks,15,04000US06
California,3/5/20,Parks,11,04000US06
California,3/6/20,Parks,7,04000US06
California,3/7/20,Parks,0,04000US06
California,3/8/20,Parks,11,04000US06
California,3/9/20,Parks,12,04000US06
California,3/10/20,Parks,-10,04000US06
California,3/11/20,Parks,12,04000US06
California,3/12/20,Parks,-15,04000US06
California,3/13/20,Parks,-20,04000US06
California,3/14/20,Parks,-37,04000US06
California,3/15/20,Parks,-25,04000US06
California,3/16/20,Parks,-27,04000US06
California,3/17/20,Parks,-12,04000US06
California,3/18/20,Parks,-20,04000US06
California,3/19/20,Parks,-20,04000US06
California,3/20/20,Parks,-22,04000US06
California,3/21/20,Parks,-22,04000US06
California,3/22/20,Parks,-24,04000US06
California,3/23/20,Parks,-28,04000US06
California,3/24/20,Parks,-31,04000US06
California,3/25/20,Parks,-30,04000US06
California,3/26/20,Parks,-28,04000US06
California,3/27/20,Parks,-29,04000US06
California,3/28/20,Parks,-48,04000US06
California,3/29/20,Parks,-38,04000US06
California,3/30/20,Parks,-24,04000US06
California,3/31/20,Parks,-23,04000US06
California,4/1/20,Parks,-25,04000US06
California,4/2/20,Parks,-30,04000US06
California,4/3/20,Parks,-31,04000US06
California,4/4/20,Parks,-54,04000US06
California,4/5/20,Parks,-61,04000US06
California,4/6/20,Parks,-54,04000US06
California,4/7/20,Parks,-41,04000US06
California,4/8/20,Parks,-43,04000US06
California,4/9/20,Parks,-54,04000US06
California,4/10/20,Parks,-44,04000US06
California,4/11/20,Parks,-46,04000US06
California,4/12/20,Parks,-55,04000US06
California,4/13/20,Parks,-36,04000US06
California,4/14/20,Parks,-25,04000US06
California,4/15/20,Parks,-28,04000US06
California,4/16/20,Parks,-34,04000US06
California,4/17/20,Parks,-39,04000US06
California,4/18/20,Parks,-47,04000US06
California,4/19/20,Parks,-39,04000US06
California,4/20/20,Parks,-34,04000US06
California,4/21/20,Parks,-25,04000US06
California,4/22/20,Parks,-25,04000US06
California,4/23/20,Parks,-28,04000US06
California,4/24/20,Parks,-29,04000US06
California,4/25/20,Parks,-35,04000US06
California,4/26/20,Parks,-31,04000US06
California,4/27/20,Parks,-23,04000US06
California,4/28/20,Parks,-19,04000US06
California,4/29/20,Parks,-27,04000US06
California,4/30/20,Parks,-24,04000US06
California,5/1/20,Parks,-23,04000US06
California,5/2/20,Parks,-30,04000US06
California,5/3/20,Parks,-21,04000US06
California,5/4/20,Parks,-17,04000US06
California,5/5/20,Parks,-14,04000US06
California,5/6/20,Parks,-17,04000US06
California,5/7/20,Parks,-18,04000US06
California,5/8/20,Parks,-18,04000US06
California,5/9/20,Parks,-23,04000US06
California,5/10/20,Parks,-22,04000US06
California,5/11/20,Parks,-20,04000US06
California,5/12/20,Parks,-17,04000US06
California,5/13/20,Parks,-16,04000US06
California,5/14/20,Parks,-17,04000US06
California,5/15/20,Parks,-11,04000US06
California,5/16/20,Parks,-14,04000US06
California,5/17/20,Parks,-16,04000US06
California,5/18/20,Parks,-24,04000US06
California,5/19/20,Parks,-7,04000US06
California,5/20/20,Parks,-4,04000US06
California,5/21/20,Parks,-5,04000US06
California,5/22/20,Parks,-3,04000US06
California,5/23/20,Parks,-4,04000US06
California,5/24/20,Parks,13,04000US06
California,5/25/20,Parks,32,04000US06
California,5/26/20,Parks,-3,04000US06
California,5/27/20,Parks,-4,04000US06
California,5/28/20,Parks,-7,04000US06
California,5/29/20,Parks,-9,04000US06
California,5/30/20,Parks,-14,04000US06
California,5/31/20,Parks,-5,04000US06
California,6/1/20,Parks,-16,04000US06
California,6/2/20,Parks,-8,04000US06
California,6/3/20,Parks,-5,04000US06
California,6/4/20,Parks,-6,04000US06
California,6/5/20,Parks,-10,04000US06
California,6/6/20,Parks,-6,04000US06
California,6/7/20,Parks,7,04000US06
California,6/8/20,Parks,3,04000US06
California,6/9/20,Parks,10,04000US06
California,6/10/20,Parks,7,04000US06
California,6/11/20,Parks,4,04000US06
California,6/12/20,Parks,2,04000US06
California,6/13/20,Parks,7,04000US06
California,6/14/20,Parks,19,04000US06
California,6/15/20,Parks,7,04000US06
California,6/16/20,Parks,15,04000US06
California,6/17/20,Parks,12,04000US06
California,6/18/20,Parks,9,04000US06
California,6/19/20,Parks,9,04000US06
California,6/20/20,Parks,6,04000US06
California,6/21/20,Parks,10,04000US06
California,6/22/20,Parks,8,04000US06
California,6/23/20,Parks,14,04000US06
California,6/24/20,Parks,9,04000US06
California,6/25/20,Parks,7,04000US06
California,6/26/20,Parks,7,04000US06
California,6/27/20,Parks,6,04000US06
California,6/28/20,Parks,8,04000US06
California,6/29/20,Parks,10,04000US06
California,6/30/20,Parks,15,04000US06
California,7/1/20,Parks,10,04000US06
California,7/2/20,Parks,14,04000US06
California,7/3/20,Parks,24,04000US06
California,7/4/20,Parks,-4,04000US06
California,7/5/20,Parks,-2,04000US06
California,7/6/20,Parks,11,04000US06
California,7/7/20,Parks,16,04000US06
California,7/8/20,Parks,12,04000US06
California,7/9/20,Parks,9,04000US06
California,7/10/20,Parks,6,04000US06
California,7/11/20,Parks,3,04000US06
California,7/12/20,Parks,11,04000US06
California,7/13/20,Parks,7,04000US06
California,7/14/20,Parks,14,04000US06
California,7/15/20,Parks,11,04000US06
California,7/16/20,Parks,10,04000US06
California,7/17/20,Parks,11,04000US06
California,7/18/20,Parks,9,04000US06
California,7/19/20,Parks,15,04000US06
California,7/20/20,Parks,13,04000US06
California,7/21/20,Parks,18,04000US06
California,7/22/20,Parks,13,04000US06
California,7/23/20,Parks,11,04000US06
California,7/24/20,Parks,10,04000US06
California,7/25/20,Parks,13,04000US06
California,7/26/20,Parks,19,04000US06
California,7/27/20,Parks,13,04000US06
California,7/28/20,Parks,17,04000US06
California,7/29/20,Parks,14,04000US06
California,7/30/20,Parks,10,04000US06
California,7/31/20,Parks,12,04000US06
California,8/1/20,Parks,10,04000US06
California,8/2/20,Parks,17,04000US06
California,8/3/20,Parks,15,04000US06
California,8/4/20,Parks,19,04000US06
California,8/5/20,Parks,14,04000US06
California,8/6/20,Parks,15,04000US06
California,8/7/20,Parks,14,04000US06
California,2/15/20,Transit Stations,1,04000US06
California,2/16/20,Transit Stations,1,04000US06
California,2/17/20,Transit Stations,-12,04000US06
California,2/18/20,Transit Stations,3,04000US06
California,2/19/20,Transit Stations,1,04000US06
California,2/20/20,Transit Stations,1,04000US06
California,2/21/20,Transit Stations,0,04000US06
California,2/22/20,Transit Stations,-4,04000US06
California,2/23/20,Transit Stations,3,04000US06
California,2/24/20,Transit Stations,1,04000US06
California,2/25/20,Transit Stations,3,04000US06
California,2/26/20,Transit Stations,3,04000US06
California,2/27/20,Transit Stations,3,04000US06
California,2/28/20,Transit Stations,2,04000US06
California,2/29/20,Transit Stations,1,04000US06
California,3/1/20,Transit Stations,-1,04000US06
California,3/2/20,Transit Stations,0,04000US06
California,3/3/20,Transit Stations,2,04000US06
California,3/4/20,Transit Stations,-1,04000US06
California,3/5/20,Transit Stations,-1,04000US06
California,3/6/20,Transit Stations,-4,04000US06
California,3/7/20,Transit Stations,-6,04000US06
California,3/8/20,Transit Stations,-4,04000US06
California,3/9/20,Transit Stations,-7,04000US06
California,3/10/20,Transit Stations,-13,04000US06
California,3/11/20,Transit Stations,-10,04000US06
California,3/12/20,Transit Stations,-18,04000US06
California,3/13/20,Transit Stations,-21,04000US06
California,3/14/20,Transit Stations,-24,04000US06
California,3/15/20,Transit Stations,-23,04000US06
California,3/16/20,Transit Stations,-31,04000US06
California,3/17/20,Transit Stations,-34,04000US06
California,3/18/20,Transit Stations,-39,04000US06
California,3/19/20,Transit Stations,-43,04000US06
California,3/20/20,Transit Stations,-46,04000US06
California,3/21/20,Transit Stations,-47,04000US06
California,3/22/20,Transit Stations,-52,04000US06
California,3/23/20,Transit Stations,-52,04000US06
California,3/24/20,Transit Stations,-52,04000US06
California,3/25/20,Transit Stations,-52,04000US06
California,3/26/20,Transit Stations,-53,04000US06
California,3/27/20,Transit Stations,-54,04000US06
California,3/28/20,Transit Stations,-53,04000US06
California,3/29/20,Transit Stations,-54,04000US06
California,3/30/20,Transit Stations,-53,04000US06
California,3/31/20,Transit Stations,-52,04000US06
California,4/1/20,Transit Stations,-51,04000US06
California,4/2/20,Transit Stations,-54,04000US06
California,4/3/20,Transit Stations,-53,04000US06
California,4/4/20,Transit Stations,-54,04000US06
California,4/5/20,Transit Stations,-59,04000US06
California,4/6/20,Transit Stations,-60,04000US06
California,4/7/20,Transit Stations,-57,04000US06
California,4/8/20,Transit Stations,-58,04000US06
California,4/9/20,Transit Stations,-62,04000US06
California,4/10/20,Transit Stations,-59,04000US06
California,4/11/20,Transit Stations,-53,04000US06
California,4/12/20,Transit Stations,-58,04000US06
California,4/13/20,Transit Stations,-55,04000US06
California,4/14/20,Transit Stations,-52,04000US06
California,4/15/20,Transit Stations,-51,04000US06
California,4/16/20,Transit Stations,-53,04000US06
California,4/17/20,Transit Stations,-54,04000US06
California,4/18/20,Transit Stations,-50,04000US06
California,4/19/20,Transit Stations,-52,04000US06
California,4/20/20,Transit Stations,-53,04000US06
California,4/21/20,Transit Stations,-52,04000US06
California,4/22/20,Transit Stations,-52,04000US06
California,4/23/20,Transit Stations,-52,04000US06
California,4/24/20,Transit Stations,-52,04000US06
California,4/25/20,Transit Stations,-47,04000US06
California,4/26/20,Transit Stations,-50,04000US06
California,4/27/20,Transit Stations,-51,04000US06
California,4/28/20,Transit Stations,-49,04000US06
California,4/29/20,Transit Stations,-50,04000US06
California,4/30/20,Transit Stations,-50,04000US06
California,5/1/20,Transit Stations,-48,04000US06
California,5/2/20,Transit Stations,-43,04000US06
California,5/3/20,Transit Stations,-45,04000US06
California,5/4/20,Transit Stations,-48,04000US06
California,5/5/20,Transit Stations,-46,04000US06
California,5/6/20,Transit Stations,-47,04000US06
California,5/7/20,Transit Stations,-48,04000US06
California,5/8/20,Transit Stations,-46,04000US06
California,5/9/20,Transit Stations,-40,04000US06
California,5/10/20,Transit Stations,-40,04000US06
California,5/11/20,Transit Stations,-48,04000US06
California,5/12/20,Transit Stations,-46,04000US06
California,5/13/20,Transit Stations,-46,04000US06
California,5/14/20,Transit Stations,-47,04000US06
California,5/15/20,Transit Stations,-46,04000US06
California,5/16/20,Transit Stations,-41,04000US06
California,5/17/20,Transit Stations,-44,04000US06
California,5/18/20,Transit Stations,-49,04000US06
California,5/19/20,Transit Stations,-46,04000US06
California,5/20/20,Transit Stations,-45,04000US06
California,5/21/20,Transit Stations,-45,04000US06
California,5/22/20,Transit Stations,-43,04000US06
California,5/23/20,Transit Stations,-38,04000US06
California,5/24/20,Transit Stations,-39,04000US06
California,5/25/20,Transit Stations,-51,04000US06
California,5/26/20,Transit Stations,-44,04000US06
California,5/27/20,Transit Stations,-44,04000US06
California,5/28/20,Transit Stations,-44,04000US06
California,5/29/20,Transit Stations,-43,04000US06
California,5/30/20,Transit Stations,-38,04000US06
California,5/31/20,Transit Stations,-40,04000US06
California,6/1/20,Transit Stations,-45,04000US06
California,6/2/20,Transit Stations,-44,04000US06
California,6/3/20,Transit Stations,-43,04000US06
California,6/4/20,Transit Stations,-43,04000US06
California,6/5/20,Transit Stations,-42,04000US06
California,6/6/20,Transit Stations,-35,04000US06
California,6/7/20,Transit Stations,-35,04000US06
California,6/8/20,Transit Stations,-41,04000US06
California,6/9/20,Transit Stations,-41,04000US06
California,6/10/20,Transit Stations,-41,04000US06
California,6/11/20,Transit Stations,-40,04000US06
California,6/12/20,Transit Stations,-39,04000US06
California,6/13/20,Transit Stations,-31,04000US06
California,6/14/20,Transit Stations,-31,04000US06
California,6/15/20,Transit Stations,-39,04000US06
California,6/16/20,Transit Stations,-38,04000US06
California,6/17/20,Transit Stations,-38,04000US06
California,6/18/20,Transit Stations,-39,04000US06
California,6/19/20,Transit Stations,-38,04000US06
California,6/20/20,Transit Stations,-32,04000US06
California,6/21/20,Transit Stations,-34,04000US06
California,6/22/20,Transit Stations,-40,04000US06
California,6/23/20,Transit Stations,-38,04000US06
California,6/24/20,Transit Stations,-39,04000US06
California,6/25/20,Transit Stations,-39,04000US06
California,6/26/20,Transit Stations,-39,04000US06
California,6/27/20,Transit Stations,-32,04000US06
California,6/28/20,Transit Stations,-34,04000US06
California,6/29/20,Transit Stations,-39,04000US06
California,6/30/20,Transit Stations,-39,04000US06
California,7/1/20,Transit Stations,-38,04000US06
California,7/2/20,Transit Stations,-36,04000US06
California,7/3/20,Transit Stations,-40,04000US06
California,7/4/20,Transit Stations,-41,04000US06
California,7/5/20,Transit Stations,-37,04000US06
California,7/6/20,Transit Stations,-39,04000US06
California,7/7/20,Transit Stations,-38,04000US06
California,7/8/20,Transit Stations,-39,04000US06
California,7/9/20,Transit Stations,-40,04000US06
California,7/10/20,Transit Stations,-41,04000US06
California,7/11/20,Transit Stations,-35,04000US06
California,7/12/20,Transit Stations,-36,04000US06
California,7/13/20,Transit Stations,-41,04000US06
California,7/14/20,Transit Stations,-41,04000US06
California,7/15/20,Transit Stations,-41,04000US06
California,7/16/20,Transit Stations,-42,04000US06
California,7/17/20,Transit Stations,-41,04000US06
California,7/18/20,Transit Stations,-36,04000US06
California,7/19/20,Transit Stations,-37,04000US06
California,7/20/20,Transit Stations,-41,04000US06
California,7/21/20,Transit Stations,-41,04000US06
California,7/22/20,Transit Stations,-42,04000US06
California,7/23/20,Transit Stations,-42,04000US06
California,7/24/20,Transit Stations,-41,04000US06
California,7/25/20,Transit Stations,-35,04000US06
California,7/26/20,Transit Stations,-36,04000US06
California,7/27/20,Transit Stations,-42,04000US06
California,7/28/20,Transit Stations,-41,04000US06
California,7/29/20,Transit Stations,-42,04000US06
California,7/30/20,Transit Stations,-42,04000US06
California,7/31/20,Transit Stations,-40,04000US06
California,8/1/20,Transit Stations,-34,04000US06
California,8/2/20,Transit Stations,-34,04000US06
California,8/3/20,Transit Stations,-40,04000US06
California,8/4/20,Transit Stations,-40,04000US06
California,8/5/20,Transit Stations,-40,04000US06
California,8/6/20,Transit Stations,-40,04000US06
California,8/7/20,Transit Stations,-39,04000US06
California,2/15/20,Workplaces,-1,04000US06
California,2/16/20,Workplaces,-1,04000US06
California,2/17/20,Workplaces,-38,04000US06
California,2/18/20,Workplaces,0,04000US06
California,2/19/20,Workplaces,0,04000US06
California,2/20/20,Workplaces,0,04000US06
California,2/21/20,Workplaces,1,04000US06
California,2/22/20,Workplaces,1,04000US06
California,2/23/20,Workplaces,2,04000US06
California,2/24/20,Workplaces,4,04000US06
California,2/25/20,Workplaces,3,04000US06
California,2/26/20,Workplaces,2,04000US06
California,2/27/20,Workplaces,2,04000US06
California,2/28/20,Workplaces,3,04000US06
California,2/29/20,Workplaces,2,04000US06
California,3/1/20,Workplaces,1,04000US06
California,3/2/20,Workplaces,4,04000US06
California,3/3/20,Workplaces,3,04000US06
California,3/4/20,Workplaces,2,04000US06
California,3/5/20,Workplaces,2,04000US06
California,3/6/20,Workplaces,2,04000US06
California,3/7/20,Workplaces,2,04000US06
California,3/8/20,Workplaces,1,04000US06
California,3/9/20,Workplaces,1,04000US06
California,3/10/20,Workplaces,-3,04000US06
California,3/11/20,Workplaces,-3,04000US06
California,3/12/20,Workplaces,-6,04000US06
California,3/13/20,Workplaces,-8,04000US06
California,3/14/20,Workplaces,-6,04000US06
California,3/15/20,Workplaces,-8,04000US06
California,3/16/20,Workplaces,-24,04000US06
California,3/17/20,Workplaces,-33,04000US06
California,3/18/20,Workplaces,-38,04000US06
California,3/19/20,Workplaces,-40,04000US06
California,3/20/20,Workplaces,-44,04000US06
California,3/21/20,Workplaces,-33,04000US06
California,3/22/20,Workplaces,-36,04000US06
California,3/23/20,Workplaces,-49,04000US06
California,3/24/20,Workplaces,-50,04000US06
California,3/25/20,Workplaces,-51,04000US06
California,3/26/20,Workplaces,-51,04000US06
California,3/27/20,Workplaces,-50,04000US06
California,3/28/20,Workplaces,-37,04000US06
California,3/29/20,Workplaces,-39,04000US06
California,3/30/20,Workplaces,-51,04000US06
California,3/31/20,Workplaces,-53,04000US06
California,4/1/20,Workplaces,-52,04000US06
California,4/2/20,Workplaces,-53,04000US06
California,4/3/20,Workplaces,-51,04000US06
California,4/4/20,Workplaces,-39,04000US06
California,4/5/20,Workplaces,-42,04000US06
California,4/6/20,Workplaces,-54,04000US06
California,4/7/20,Workplaces,-55,04000US06
California,4/8/20,Workplaces,-55,04000US06
California,4/9/20,Workplaces,-56,04000US06
California,4/10/20,Workplaces,-56,04000US06
California,4/11/20,Workplaces,-40,04000US06
California,4/12/20,Workplaces,-44,04000US06
California,4/13/20,Workplaces,-52,04000US06
California,4/14/20,Workplaces,-52,04000US06
California,4/15/20,Workplaces,-52,04000US06
California,4/16/20,Workplaces,-52,04000US06
California,4/17/20,Workplaces,-50,04000US06
California,4/18/20,Workplaces,-35,04000US06
California,4/19/20,Workplaces,-37,04000US06
California,4/20/20,Workplaces,-50,04000US06
California,4/21/20,Workplaces,-51,04000US06
California,4/22/20,Workplaces,-51,04000US06
California,4/23/20,Workplaces,-51,04000US06
California,4/24/20,Workplaces,-50,04000US06
California,4/25/20,Workplaces,-34,04000US06
California,4/26/20,Workplaces,-36,04000US06
California,4/27/20,Workplaces,-49,04000US06
California,4/28/20,Workplaces,-50,04000US06
California,4/29/20,Workplaces,-50,04000US06
California,4/30/20,Workplaces,-50,04000US06
California,5/1/20,Workplaces,-48,04000US06
California,5/2/20,Workplaces,-32,04000US06
California,5/3/20,Workplaces,-32,04000US06
California,5/4/20,Workplaces,-47,04000US06
California,5/5/20,Workplaces,-48,04000US06
California,5/6/20,Workplaces,-48,04000US06
California,5/7/20,Workplaces,-49,04000US06
California,5/8/20,Workplaces,-46,04000US06
California,5/9/20,Workplaces,-29,04000US06
California,5/10/20,Workplaces,-28,04000US06
California,5/11/20,Workplaces,-46,04000US06
California,5/12/20,Workplaces,-47,04000US06
California,5/13/20,Workplaces,-47,04000US06
California,5/14/20,Workplaces,-47,04000US06
California,5/15/20,Workplaces,-45,04000US06
California,5/16/20,Workplaces,-27,04000US06
California,5/17/20,Workplaces,-28,04000US06
California,5/18/20,Workplaces,-45,04000US06
California,5/19/20,Workplaces,-45,04000US06
California,5/20/20,Workplaces,-45,04000US06
California,5/21/20,Workplaces,-45,04000US06
California,5/22/20,Workplaces,-43,04000US06
California,5/23/20,Workplaces,-24,04000US06
California,5/24/20,Workplaces,-26,04000US06
California,5/25/20,Workplaces,-72,04000US06
California,5/26/20,Workplaces,-43,04000US06
California,5/27/20,Workplaces,-43,04000US06
California,5/28/20,Workplaces,-43,04000US06
California,5/29/20,Workplaces,-41,04000US06
California,5/30/20,Workplaces,-17,04000US06
California,5/31/20,Workplaces,-19,04000US06
California,6/1/20,Workplaces,-42,04000US06
California,6/2/20,Workplaces,-42,04000US06
California,6/3/20,Workplaces,-42,04000US06
California,6/4/20,Workplaces,-42,04000US06
California,6/5/20,Workplaces,-40,04000US06
California,6/6/20,Workplaces,-17,04000US06
California,6/7/20,Workplaces,-18,04000US06
California,6/8/20,Workplaces,-40,04000US06
California,6/9/20,Workplaces,-40,04000US06
California,6/10/20,Workplaces,-41,04000US06
California,6/11/20,Workplaces,-41,04000US06
California,6/12/20,Workplaces,-39,04000US06
California,6/13/20,Workplaces,-15,04000US06
California,6/14/20,Workplaces,-16,04000US06
California,6/15/20,Workplaces,-39,04000US06
California,6/16/20,Workplaces,-40,04000US06
California,6/17/20,Workplaces,-41,04000US06
California,6/18/20,Workplaces,-41,04000US06
California,6/19/20,Workplaces,-40,04000US06
California,6/20/20,Workplaces,-14,04000US06
California,6/21/20,Workplaces,-14,04000US06
California,6/22/20,Workplaces,-42,04000US06
California,6/23/20,Workplaces,-42,04000US06
California,6/24/20,Workplaces,-41,04000US06
California,6/25/20,Workplaces,-41,04000US06
California,6/26/20,Workplaces,-40,04000US06
California,6/27/20,Workplaces,-16,04000US06
California,6/28/20,Workplaces,-14,04000US06
California,6/29/20,Workplaces,-40,04000US06
California,6/30/20,Workplaces,-41,04000US06
California,7/1/20,Workplaces,-41,04000US06
California,7/2/20,Workplaces,-43,04000US06
California,7/3/20,Workplaces,-58,04000US06
California,7/4/20,Workplaces,-32,04000US06
California,7/5/20,Workplaces,-21,04000US06
California,7/6/20,Workplaces,-44,04000US06
California,7/7/20,Workplaces,-43,04000US06
California,7/8/20,Workplaces,-42,04000US06
California,7/9/20,Workplaces,-42,04000US06
California,7/10/20,Workplaces,-41,04000US06
California,7/11/20,Workplaces,-17,04000US06
California,7/12/20,Workplaces,-18,04000US06
California,7/13/20,Workplaces,-42,04000US06
California,7/14/20,Workplaces,-43,04000US06
California,7/15/20,Workplaces,-43,04000US06
California,7/16/20,Workplaces,-43,04000US06
California,7/17/20,Workplaces,-41,04000US06
California,7/18/20,Workplaces,-19,04000US06
California,7/19/20,Workplaces,-20,04000US06
California,7/20/20,Workplaces,-43,04000US06
California,7/21/20,Workplaces,-44,04000US06
California,7/22/20,Workplaces,-43,04000US06
California,7/23/20,Workplaces,-43,04000US06
California,7/24/20,Workplaces,-41,04000US06
California,7/25/20,Workplaces,-19,04000US06
California,7/26/20,Workplaces,-20,04000US06
California,7/27/20,Workplaces,-43,04000US06
California,7/28/20,Workplaces,-43,04000US06
California,7/29/20,Workplaces,-44,04000US06
California,7/30/20,Workplaces,-44,04000US06
California,7/31/20,Workplaces,-42,04000US06
California,8/1/20,Workplaces,-19,04000US06
California,8/2/20,Workplaces,-20,04000US06
California,8/3/20,Workplaces,-43,04000US06
California,8/4/20,Workplaces,-43,04000US06
California,8/5/20,Workplaces,-43,04000US06
California,8/6/20,Workplaces,-43,04000US06
California,8/7/20,Workplaces,-41,04000US06
California,2/15/20,Residential,0,04000US06
California,2/16/20,Residential,-1,04000US06
California,2/17/20,Residential,8,04000US06
California,2/18/20,Residential,0,04000US06
California,2/19/20,Residential,0,04000US06
California,2/20/20,Residential,0,04000US06
California,2/21/20,Residential,0,04000US06
California,2/22/20,Residential,1,04000US06
California,2/23/20,Residential,0,04000US06
California,2/24/20,Residential,0,04000US06
California,2/25/20,Residential,-1,04000US06
California,2/26/20,Residential,-1,04000US06
California,2/27/20,Residential,-1,04000US06
California,2/28/20,Residential,-1,04000US06
California,2/29/20,Residential,-1,04000US06
California,3/1/20,Residential,0,04000US06
California,3/2/20,Residential,-1,04000US06
California,3/3/20,Residential,-1,04000US06
California,3/4/20,Residential,0,04000US06
California,3/5/20,Residential,0,04000US06
California,3/6/20,Residential,0,04000US06
California,3/7/20,Residential,1,04000US06
California,3/8/20,Residential,0,04000US06
California,3/9/20,Residential,1,04000US06
California,3/10/20,Residential,3,04000US06
California,3/11/20,Residential,2,04000US06
California,3/12/20,Residential,4,04000US06
California,3/13/20,Residential,5,04000US06
California,3/14/20,Residential,6,04000US06
California,3/15/20,Residential,6,04000US06
California,3/16/20,Residential,11,04000US06
California,3/17/20,Residential,14,04000US06
California,3/18/20,Residential,17,04000US06
California,3/19/20,Residential,18,04000US06
California,3/20/20,Residential,21,04000US06
California,3/21/20,Residential,16,04000US06
California,3/22/20,Residential,14,04000US06
California,3/23/20,Residential,21,04000US06
California,3/24/20,Residential,22,04000US06
California,3/25/20,Residential,22,04000US06
California,3/26/20,Residential,23,04000US06
California,3/27/20,Residential,24,04000US06
California,3/28/20,Residential,18,04000US06
California,3/29/20,Residential,15,04000US06
California,3/30/20,Residential,21,04000US06
California,3/31/20,Residential,22,04000US06
California,4/1/20,Residential,22,04000US06
California,4/2/20,Residential,23,04000US06
California,4/3/20,Residential,23,04000US06
California,4/4/20,Residential,18,04000US06
California,4/5/20,Residential,16,04000US06
California,4/6/20,Residential,24,04000US06
California,4/7/20,Residential,24,04000US06
California,4/8/20,Residential,24,04000US06
California,4/9/20,Residential,26,04000US06
California,4/10/20,Residential,26,04000US06
California,4/11/20,Residential,18,04000US06
California,4/12/20,Residential,16,04000US06
California,4/13/20,Residential,22,04000US06
California,4/14/20,Residential,22,04000US06
California,4/15/20,Residential,22,04000US06
California,4/16/20,Residential,23,04000US06
California,4/17/20,Residential,24,04000US06
California,4/18/20,Residential,17,04000US06
California,4/19/20,Residential,14,04000US06
California,4/20/20,Residential,21,04000US06
California,4/21/20,Residential,21,04000US06
California,4/22/20,Residential,22,04000US06
California,4/23/20,Residential,22,04000US06
California,4/24/20,Residential,23,04000US06
California,4/25/20,Residential,15,04000US06
California,4/26/20,Residential,13,04000US06
California,4/27/20,Residential,20,04000US06
California,4/28/20,Residential,13,04000US06
California,4/29/20,Residential,21,04000US06
California,4/30/20,Residential,21,04000US06
California,5/1/20,Residential,21,04000US06
California,5/2/20,Residential,14,04000US06
California,5/3/20,Residential,12,04000US06
California,5/4/20,Residential,19,04000US06
California,5/5/20,Residential,19,04000US06
California,5/6/20,Residential,20,04000US06
California,5/7/20,Residential,20,04000US06
California,5/8/20,Residential,20,04000US06
California,5/9/20,Residential,12,04000US06
California,5/10/20,Residential,9,04000US06
California,5/11/20,Residential,18,04000US06
California,5/12/20,Residential,19,04000US06
California,5/13/20,Residential,19,04000US06
California,5/14/20,Residential,19,04000US06
California,5/15/20,Residential,19,04000US06
California,5/16/20,Residential,12,04000US06
California,5/17/20,Residential,11,04000US06
California,5/18/20,Residential,18,04000US06
California,5/19/20,Residential,18,04000US06
California,5/20/20,Residential,18,04000US06
California,5/21/20,Residential,18,04000US06
California,5/22/20,Residential,18,04000US06
California,5/23/20,Residential,10,04000US06
California,5/24/20,Residential,8,04000US06
California,5/25/20,Residential,22,04000US06
California,5/26/20,Residential,16,04000US06
California,5/27/20,Residential,17,04000US06
California,5/28/20,Residential,17,04000US06
California,5/29/20,Residential,17,04000US06
California,5/30/20,Residential,11,04000US06
California,5/31/20,Residential,9,04000US06
California,6/1/20,Residential,17,04000US06
California,6/2/20,Residential,17,04000US06
California,6/3/20,Residential,16,04000US06
California,6/4/20,Residential,16,04000US06
California,6/5/20,Residential,16,04000US06
California,6/6/20,Residential,9,04000US06
California,6/7/20,Residential,8,04000US06
California,6/8/20,Residential,14,04000US06
California,6/9/20,Residential,15,04000US06
California,6/10/20,Residential,15,04000US06
California,6/11/20,Residential,15,04000US06
California,6/12/20,Residential,14,04000US06
California,6/13/20,Residential,7,04000US06
California,6/14/20,Residential,6,04000US06
California,6/15/20,Residential,13,04000US06
California,6/16/20,Residential,14,04000US06
California,6/17/20,Residential,14,04000US06
California,6/18/20,Residential,14,04000US06
California,6/19/20,Residential,12,04000US06
California,6/20/20,Residential,7,04000US06
California,6/21/20,Residential,5,04000US06
California,6/22/20,Residential,13,04000US06
California,6/23/20,Residential,14,04000US06
California,6/24/20,Residential,14,04000US06
California,6/25/20,Residential,14,04000US06
California,6/26/20,Residential,14,04000US06
California,6/27/20,Residential,7,04000US06
California,6/28/20,Residential,6,04000US06
California,6/29/20,Residential,13,04000US06
California,6/30/20,Residential,13,04000US06
California,7/1/20,Residential,13,04000US06
California,7/2/20,Residential,13,04000US06
California,7/3/20,Residential,17,04000US06
California,7/4/20,Residential,10,04000US06
California,7/5/20,Residential,7,04000US06
California,7/6/20,Residential,14,04000US06
California,7/7/20,Residential,14,04000US06
California,7/8/20,Residential,14,04000US06
California,7/9/20,Residential,14,04000US06
California,7/10/20,Residential,14,04000US06
California,7/11/20,Residential,8,04000US06
California,7/12/20,Residential,7,04000US06
California,7/13/20,Residential,13,04000US06
California,7/14/20,Residential,14,04000US06
California,7/15/20,Residential,14,04000US06
California,7/16/20,Residential,15,04000US06
California,7/17/20,Residential,15,04000US06
California,7/18/20,Residential,8,04000US06
California,7/19/20,Residential,7,04000US06
California,7/20/20,Residential,14,04000US06
California,7/21/20,Residential,14,04000US06
California,7/22/20,Residential,14,04000US06
California,7/23/20,Residential,15,04000US06
California,7/24/20,Residential,14,04000US06
California,7/25/20,Residential,8,04000US06
California,7/26/20,Residential,6,04000US06
California,7/27/20,Residential,13,04000US06
California,7/28/20,Residential,14,04000US06
California,7/29/20,Residential,14,04000US06
California,7/30/20,Residential,14,04000US06
California,7/31/20,Residential,14,04000US06
California,8/1/20,Residential,7,04000US06
California,8/2/20,Residential,6,04000US06
California,8/3/20,Residential,13,04000US06
California,8/4/20,Residential,13,04000US06
California,8/5/20,Residential,14,04000US06
California,8/6/20,Residential,14,04000US06
California,8/7/20,Residential,13,04000US06